{"nodes": [{"id": 1, "label": "MSFT"}, {"id": 2, "label": "GOOGL"}, {"id": 3, "label": "NVDA"}, {"id": 4, "label": "AMZN"}, {"id": 5, "label": "GOOG"}, {"id": 6, "label": "META"}, {"id": 7, "label": "TSLA"}, {"id": 8, "label": "AAPL"}, {"id": 9, "label": "CRM"}, {"id": 10, "label": "ORCL"}, {"id": 11, "label": "AMD"}, {"id": 12, "label": "NFLX"}, {"id": 13, "label": "WMT"}, {"id": 14, "label": "DIS"}, {"id": 15, "label": "SNAP"}, {"id": 16, "label": "SHOP"}, {"id": 17, "label": "INTC"}, {"id": 18, "label": "ANET"}, {"id": 19, "label": "RIVN"}, {"id": 20, "label": "GM"}, {"id": 21, "label": "F"}, {"id": 22, "label": "LCID"}, {"id": 23, "label": "WBD"}, {"id": 24, "label": "CMCSA"}, {"id": 25, "label": "PARA"}, {"id": 26, "label": "T"}, {"id": 27, "label": "ROKU"}], "edges": [{"from": 1, "to": 2}, {"from": 1, "to": 3}, {"from": 1, "to": 4}, {"from": 1, "to": 5}, {"from": 1, "to": 6}, {"from": 1, "to": 7}, {"from": 1, "to": 8}, {"from": 1, "to": 9}, {"from": 1, "to": 10}, {"from": 1, "to": 11}, {"from": 4, "to": 1}, {"from": 4, "to": 2}, {"from": 4, "to": 5}, {"from": 4, "to": 8}, {"from": 4, "to": 7}, {"from": 4, "to": 3}, {"from": 4, "to": 6}, {"from": 4, "to": 12}, {"from": 4, "to": 13}, {"from": 4, "to": 14}, {"from": 6, "to": 5}, {"from": 6, "to": 2}, {"from": 6, "to": 1}, {"from": 6, "to": 4}, {"from": 6, "to": 8}, {"from": 6, "to": 7}, {"from": 6, "to": 3}, {"from": 6, "to": 15}, {"from": 6, "to": 12}, {"from": 6, "to": 11}, {"from": 8, "to": 1}, {"from": 8, "to": 2}, {"from": 8, "to": 4}, {"from": 8, "to": 5}, {"from": 8, "to": 7}, {"from": 8, "to": 3}, {"from": 8, "to": 6}, {"from": 8, "to": 12}, {"from": 8, "to": 14}, {"from": 8, "to": 11}, {"from": 5, "to": 2}, {"from": 5, "to": 1}, {"from": 5, "to": 6}, {"from": 5, "to": 4}, {"from": 5, "to": 8}, {"from": 5, "to": 7}, {"from": 5, "to": 3}, {"from": 5, "to": 15}, {"from": 5, "to": 12}, {"from": 5, "to": 16}, {"from": 3, "to": 11}, {"from": 3, "to": 6}, {"from": 3, "to": 2}, {"from": 3, "to": 7}, {"from": 3, "to": 5}, {"from": 3, "to": 1}, {"from": 3, "to": 8}, {"from": 3, "to": 4}, {"from": 3, "to": 17}, {"from": 3, "to": 18}, {"from": 7, "to": 19}, {"from": 7, "to": 2}, {"from": 7, "to": 4}, {"from": 7, "to": 20}, {"from": 7, "to": 21}, {"from": 7, "to": 22}, {"from": 7, "to": 5}, {"from": 7, "to": 6}, {"from": 7, "to": 8}, {"from": 7, "to": 3}, {"from": 14, "to": 12}, {"from": 14, "to": 23}, {"from": 14, "to": 4}, {"from": 14, "to": 24}, {"from": 14, "to": 25}, {"from": 14, "to": 8}, {"from": 14, "to": 2}, {"from": 14, "to": 26}, {"from": 14, "to": 5}, {"from": 14, "to": 27}]}